alias greg Grzegorz Jakacki <jakacki@exoweb.net>
alias clark Clark Niu <clark@exoweb.net>
alias ken Ken Wong <ken@exoweb.net>
alias darren Darren Cui Liang <darren@exoweb.net>
alias griffith Darren Griffith <griffith@exoweb.net>
alias jacky Jacky Wang <jacky@exoweb.net>
alias rena Rena <rena@exoweb.net>
alias cheeming Chew Chee Ming <cheeming@exoweb.net>
alias jacob Jacob Fan <jacob@exoweb.net>
alias cindy Cindy Wang <cindy@exoweb.net>
alias dominic Dominic Ludin <dominic@exoweb.net>
alias gary Gary Jia <gary@exoweb.net>
alias yjpark YJPark <yjpark@exoweb.net>
alias vivi Vivi Liu <vivi@exoweb.net>
alias tc Sha Tiancheng <tc@exoweb.net>
alias ella Ella Wang <ella@exoweb.net>
alias bjorn Bjørn Stabell <bjorn@exoweb.net>
alias lina Lina Li <lina@exoweb.net>
alias leopold Li Xiaoliang <leopold@exoweb.net>
alias all exoweb all  <all@exoweb.net>
alias linsong Linsong <linsong.qizi@gmail.com>
alias vincent Vincent Wang <vincent@exoweb.net>
alias phyllis Phyllis Zhao <phyllis@exoweb.net>
alias ryan Ryan Ma <ryan@exoweb.net>
alias favo Favo Yang <favo@exoweb.net>
alias robert Robert Bunting <robert@exoweb.net>
alias tim Tim Goh <tim@exoweb.net>
alias paula Chen Xi <paula@exoweb.net>
alias xielei xielei <xielei@exoweb.net>
alias livebet Livebet Team <livebet@exoweb.net>
alias nb-tester Noridcbet Tester <nb-tester@exoweb.net>
alias kenr Ken Ronny <ken@nordicbet.com>
alias nordicbet_team_in_exoweb Nordicbet Team Memebers in Exoweb <nordicbet-all@exoweb.net>
alias yubo Yu Bo <yubo@exoweb.net>
alias tobias Tobias Brox <tobias@nordicbet.com>
alias torgrim Torgrim Teigstad <torgrim@nordicbet.com>
alias phoebe lijuan <phoebe@exoweb.net>
alias ns9tks ns9tks@ns9tks.net
